tag,doc_freq
k-pop,388
kpop,334
korean,267
pop,165
bts,84
dance-pop,77
dance,73
electropop,66
julia mofada,64
rnb,51
soty,49
hip-hop,43
rap,41
electronic,40
trap,36
hip hop,34
pop rap,31
contemporary rnb,29
edm,27
fire,26
2023,25
synthpop,25
house,23
amor a primeira ouvida,22
girl group,22
lilith owns this music,20
2016,19
2020,19
english,19
future bass,19
wsum 91.7 fm madison,19
alt-pop,17
vocal,17
2015,16
atlanta bass,16
2022,14
twice,14
disco,13
pop rock,13
2-step,12
2019,12
2024,12
bubblegum pop,12
catchy,12
love at first listen,12
masterpiece,12
2021,11
2025,11
blackpink,11
future house,11
jimin,11
minhas músicas,11
2017,10
electro house,10
jin,10
jungkook,10
korean pop,10
<3,9
bitpop,9
k bops,9
moombahton,9
nu-disco,9
red velvet,9
switchexyy,9
vibe,9
buwygfibsara,8
female vocalists,8
hyperpop,8
jersey club,8
loona,8
loonaids,8
miami bass,8
perfect,8
pop court with manda m,8
rap rock,8
rock,8
sexy,8
slay,8
uk garage,8
2013,7
2018,7
art pop,7
breakbeat,7
bubblegum bass,7
funk,7
j-pop,7
new jack swing,7
ost,7
synthwave,7
v,7
afrobeats,6
alternative rnb,6
beautiful,6
bighit,6
dancehall,6
deep house,6
dem jointz,6
energy,6
hit,6
ive,6
jpop,6
jungkook da lili,6
neo-soul,6
netflix,6
soundtrack,6
stray kids,6
summer,6
synth funk,6
tropical house,6
txt,6
2010s,5
2014,5
baltimore club,5
best of 2015,5
bop,5
bossa nova,5
dance pop,5
enhypen,5
garage house,5
hino,5
hip house,5
i like this,5
jazz,5
k-hip hop,5
love,5
nanaetoiles,5
retro,5
rm,5
suga,5
trip hop,5
2020s,4
addictive,4
bangtan,4
best of 2016,4
boy group,4
boyband,4
chill,4
classical crossover,4
confident,4
cute,4
dreamy,4
drum and bass,4
electroclash,4
experimental,4
fun,4
funktronica,4
hip hop soul,4
hybrid trap,4
hype,4
japanese,4
jyp,4
k-rnb,4
lesbian,4
male vocalists,4
mofiselle,4
motomano,4
musical,4
musik,4
my top songs,4
neo soul,4
reggaeton,4
seokjin,4
shinee,4
synth pop,4
synth-pop,4
techno,4
victor do kou,4
100 club,3
afrobeat,3
amazing,3
anthem,3
ballad,3
bassline,3
bedroom pop,3
best of 2017,3
best on the album,3
best song ever,3
boom bap,3
bounce,3
btraasid,3
chillwave,3
chiptune,3
cover,3
cunty,3
dream pop,3
drill,3
electronica,3
emotional,3
exo,3
future garage,3
fx,3
g-funk,3
girlgroup,3
hi,3
hiphop,3
j-hope,3
ko,3
korean hip-hop,3
latin,3
marco,3
maris song,3
new wave,3
pop reggae,3
swing,3
taehyung,3
trap edm,3
trap soul,3
uk bass,3
uk street soul,3
underrated,3
yunki da isa,3
2012,2
acid jazz,2
aespa,2
alt pop,2
alternative hip hop,2
amapiano,2
asian pop,2
avi owns this song,2
banger,2
beomgyudosol,2
best,2
best of 2014,2
best of 2024,2
better than selena gomez,2
bg,2
big beat,2
blackpink in your area,2
boy band,2
brostep,2
city pop,2
colours,2
contemporary r&b,2
debut,2
deep tech,2
diva house,2
dnb,2
drum n bass,2
dubstep,2
edm pop,2
electro swing,2
electro-disco,2
electro-pop,2
eletronic,2
experimental hip hop,2
experimental k-pop,2
fav,2
favs,2
fierce,2
flop,2
funk brasileiro,2
funky house,2
garage,2
gay music,2
girl groups,2
girl power,2
go,2
gr4zon own this song,2
hard,2
hardstyle,2
healing,2
heeseung da mafe,2
henry,2
hevs,2
hot,2
huntrix,2
in the loop with dj raz,2
indie,2
itzy,2
janesxoxo,2
jenopipizinho,2
jhope,2
k da mafe,2
k-rap,2
k-rock,2
keonho do pietro,2
key change,2
kiki owns this song,2
kittyycore,2
korea,2
kpop demon hunters,2
labi loves aespa,2
latin pop,2
lgbt,2
liquid drum and bass,2
listened,2
made for kari,2
mala taste,2
mavi,2
miss a,2
mixx pop,2
mixxpop,2
musica_do_lian,2
nct,2
nct 127,2
neoperreo,2
newjeans,2
nicholas da isa,2
peak,2
peter,2
pop pop pop,2
pop soul,2
pops in seoul,2
post-dubstep,2
power pop,2
pussy music,2
queen,2
r&b,2
rap monster,2
remake,2
saja boys,2
sakura da beatriz,2
saved my life,2
scat,2
sex,2
shibuya-kei,2
slap house,2
snap,2
sobworthy,2
soft rock,2
song of the year,2
soul,2
straight,2
taki de celeste,2
tech house,2
the stereotypes,2
this song is for biel,2
twerk,2
uk hard house,2
unique title,2
vik owns this song,2
vocal line,2
wave,2
western,2
wings,2
wonder girls,2
wonky,2
yakousei,2
yeonjun da hevs,2
yeonjun da lili,2
youth,2
1 800 hot n fun hear my ringtone every time 1 800 hot n fun thats my number hit my line,1
10/10,1
10s,1
14,1
2-step garage,1
2011,1
2022 soty,1
2023 soty,1
2026,1
2ne1,1
3,1
4th gen leaders,1
5th gen,1
:d,1
<♡ y ♡>,1
a surra em mago,1
abo,1
acheimagra,1
acid house,1
addicting,1
adouo,1
adult contemporary,1
advertising,1
aespa big girls making money,1
afro,1
afropop,1
agust d,1
alan walker,1
aliyahs interlude,1
all you needs love,1
alt-rnb,1
alte,1
alternative,1
alternative dance,1
alternative rock,1
amazing song by bts,1
ambiente,1
american nightmare,1
americana,1
angst,1
ankh & eiji,1
aoa,1
aoty,1
are you alive,1
army,1
artcore,1
artms,1
ascension,1
asian,1
asian music,1
assshaking,1
assshaking cunty soty,1
atmospheric drum and bass,1
audiosurfed,1
autumn 21,1
baby giiiirrllll,1
bach,1
baekhyun,1
baile funk,1
bangchan do henri,1
bangchan do henrique,1
banger cry about it,1
bangtan boys,1
bangtan sonyeondan,1
bangtantv,1
baroque music,1
bass house,1
bd,1
beabadoobee,1
beethoven could never,1
beka,1
beomkai,1
best comebacks 2014,1
best gg,1
best intro,1
best k-pop song of 2011,1
best of 2018,1
best of 2020,1
best song ever created,1
best song ever made,1
bestie,1
better than aespa,1
better than bp,1
better than cardi b,1
better than nct,1
better than red velvet,1
bhangra,1
bibi owns this song,1
big bang,1
bigbang,1
biggest and best ace,1
bitch,1
bittersweet,1
blackpink daughters,1
blackpink is the revolution,1
blackswan,1
blues,1
bold,1
bots,1
boy groups,1
boygroup,1
brazilian bass,1
breaks,1
breakup,1
bright,1
brill building,1
british brass band,1
brown eyed girls,1
bruce lee,1
bside,1
btraasid's song,1
bts dna,1
bts jimin serendipity pop kpop,1
bubblegum dance,1
butter,1
cabo-zouk,1
calm,1
can't let you kill mavibe,1
cant get it out of my head,1
caso ratos e fofos,1
cass ratos e fofos,1
ccm,1
celebrity crush,1
certified bop,1
chaewon da maxine,1
chaewon da mayra,1
chaewon do rafa,1
changa tuki,1
changed my life,1
chisa da raquel,1
chisa-da-licaa,1
cinematic,1
classical,1
clink clink klang,1
cloud rap,1
coca cola,1
cocktail nation,1
coffee with judy,1
coldplay,1
coldplay feat bts,1
color pop,1
contemporary pop,1
could repeat this forever,1
country pop,1
crazy good,1
crunk,1
cucucucupaupau,1
cutecore,1
cvnt,1
cybercore,1
da,1
da lilith,1
danielle,1
dark,1
dark electro,1
dark pop,1
darumdarimbda,1
darumdarimda,1
das pabos,1
death metal,1
deby owns this song,1
deconstructed club,1
del,1
dembow,1
dembow funk,1
desmitifico,1
digicore,1
disband kiiikiii,1
disband song,1
disco pop,1
divas,1
do,1
dont say you love me,1
doty,1
downtempo,1
dream academy,1
dreams and stray kids,1
drill and bass,1
drizzles song,1
drunk,1
dsylm,1
duda e uri,1
dynamite,1
eargasm,1
easy,1
echo,1
edu e marco,1
electro,1
electro disco,1
electro hop,1
electro-swing,1
electronic dance music,1
electropoo,1
elevator music,1
elle owns this song,1
emo hip hop,1
ended illit,1
ended kiiikiii,1
energetic,1
enhy_do_lian,1
enri,1
etheral,1
ethereal,1
euro house,1
euro trance,1
eurodance,1
eurodisco,1
excuse me while i play this a thousand more times,1
exo-k,1
exotica,1
fake love,1
fantastic elastic,1
fashion,1
fave,1
faves,1
favorite,1
felix,1
felix eu te amo,1
female vocalist,1
female vocals,1
fever,1
fidget house,1
first love,1
flirty,1
folk,1
folkhop,1
footwork,1
free,1
friendship,1
fuck starship,1
fucking addicting,1
funk 150 bpm,1
funk carioca,1
funk pop,1
future funk,1
g-dragon,1
gabluvskiiikiii,1
gabownsthissong,1
gaeul da bruna,1
garbage,1
gay anthem,1
gay sex,1
gay vampires,1
gentleman,1
gets stuck in the head,1
gg,1
girl-group,1
girly,1
glitch hop edm,1
glitch pop,1
glitch-pop,1
global girl group,1
go-go,1
goat,1
good vibes,1
gorillaz,1
group vocals,1
gsdalara,1
guguhstuff,1
hackers,1
hala hala hala hala halazia,1
halftime,1
halloween,1
han,1
hard techno,1
haum da maxine,1
heavy metal,1
heejin,1
heejin da duda,1
heeseung do nate,1
hi-nrg,1
hit that thang like a drum ta ta,1
home,1
homossexual,1
hotgirlshit,1
hulej pidoras,1
husk work dando stream,1
hyper pop,1
i am looking at it,1
i am the best,1
i cannot focus,1
i could listen to this all day,1
i fucking love that music,1
i fucking love that song,1
i kissed your brother,1
i need you,1
i think i was brainwashed,1
ian,1
idol,1
illit,1
ily,1
im gonna be a star 2point0,1
im so curious,1
improves mood,1
indie pop,1
indietronica,1
inidie,1
inspirational,1
interlude,1
intro,1
it was a cultural reset,1
italo house,1
iu,1
iyu loves ni-ki,1
jackin house,1
jada owns this song,1
jake,1
jam,1
jay,1
jayprint,1
jazz rap,1
jazzy,1
jennyeons,1
jersey cluv,1
jeys song,1
jhope wings,1
jico da yena,1
jilix twins,1
jin of bts,1
jinu da lili,1
jiwoong da julia,1
jmsgrl,1
jos owns this song,1
jrwangjay da lili,1
juhoon do juan,1
juke,1
julia,1
julia loves this song,1
julia mata e morre por essa musica,1
jung hoseok,1
jungwon,1
jungwon da lolo,1
jungwon do nico,1
jyp entertainment,1
k-hiphop,1
k-pop girl group,1
k-pop queens,1
k-pop2,1
kait owns this song,1
kanye west,1
karma is real,1
kawaii,1
kazuha do bernardo,1
kdrama,1
kel,1
kels loves twice,1
keonho da lilith,1
khh,1
kiiikiiidoton,1
kiki owner of this song,1
kimseokjin,1
kimtaehyung,1
king,1
king of kpop,1
kiss of life,1
korean ballad,1
korean hip hop,1
korean rock,1
kou do victor,1
kou3victor4ever,1
kpop bangtan,1
kpop excellence,1
kpop soloist,1
lady gaga,1
laia's song,1
lalala,1
lalisa,1
latin electronic,1
latinas,1
lavinia owns this song,1
ldn noise,1
le sserafim,1
league of legends,1
leeseo da mofi,1
lesbians,1
lesserafim,1
let me introduce you to some new thangs,1
librarycore,1
like a fever fever fever fever,1
like animal by bts,1
lilac,1
lili own this song,1
lilith own this song,1
lindas,1
lindas palavras,1
liquid funk,1
lisa,1
lit,1
little miss hot,1
lively,1
liz owns this song,1
lo-fi,1
look up to the sky its a bird its a plane,1
louder than bombs,1
love it,1
love on first listen,1
love song,1
love u,1
lovey lovey lovey dovey dovey dovey,1
lucas song,1
luna,1
makes me cry,1
mala,1
male rapper,1
mamamoo,1
mantra do gus,1
mantra do gus goldwinged angel ts nation,1
map of the soul 7,1
march,1
marry me,1
master piece,1
me,1
megan do lilo,1
melbourne bounce,1
mellow,1
melodic dubstep,1
melodic house,1
meme,1
metal,1
miau,1
micdrop,1
mid,1
midtempo bass,1
mimi,1
min pd,1
mixx,1
momoland,1
money,1
mono,1
monster,1
moonshine,1
mother,1
mots7,1
move,1
movie musical,1
mpb,1
munich,1
music,1
music to listen while pederasting,1
musica do sid,1
mxxhx,1
my most top songs station,1
my songs,1
nah,1
nana owns this song,1
nayeondamoni,1
nayeonwithniel,1
need,1
need more,1
neo-psychedelia,1
neomu areumdaun daun daun daun view,1
neurofunk,1
new rave,1
niki,1
niki do kael,1
nipples,1
nishimura riki,1
nitalovesskz,1
nobody makes music like red velvet makes,1
noise music,1
noise pop,1
nostalgia pop,1
nostalgic,1
not today,1
nu disco,1
nune busheo piiing,1
nuni,1
ohyul do lui,1
omegaverse,1
one of the greatest,1
one time flamengo,1
operation true love,1
opm,1
ot7,1
outdid aespa,1
outlaw country,1
paboscore,1
party,1
patroas da ygor,1
pc music,1
perfect pop,1
personal faves,1
peuna,1
phonk,1
phonk house,1
playful,1
plugg,1
pluggnb,1
pop edm,1
pop-rock,1
pregnancy fuel,1
probably contains an addictive substance like crack,1
problematic,1
prog pop,1
progresivo,1
progressive pop,1
psy,1
psychedelia,1
purple sound,1
pussy song,1
queens,1
queer,1
rafacore,1
rage,1
rain,1
rainha dos gays,1
rainhas,1
rainy days,1
rapping,1
ratchet,1
real music,1
recommended,1
red blood,1
reggae pop,1
reggae-trap,1
rei,1
rei da deby,1
reis tudo,1
relax,1
relaxing,1
reputation,1
retro pop,1
rhythm and blues,1
ring ding dong,1
rocket s adventures with dj rocket,1
romanian popcorn,1
rookie,1
roty,1
run,1
rush,1
ryu onws this song,1
ryu owns this song,1
sad,1
saki da jen,1
salvation owns this song,1
sarah bear loves iu,1
save me,1
save my life,1
sayakaisfor,1
served,1
serving c*nt,1
seventeen,1
sexo,1
sexy beats but sad lyrics,1
sfg,1
shoujo,1
silver spoon,1
singer songwriter,1
single,1
skaiwater,1
slay pop,1
slipknot,1
smash hit,1
smooth,1
smooth soul,1
smtown,1
sneaks up on and before you know it your addicted and know all the damn words,1
snoozefest,1
so hot,1
social critic,1
song i was listening to when i ran away,1
song of the century,1
songs to quit your job to,1
soobin do joshua,1
soogyu,1
sorry ii beg your pardon,1
sotc,1
sotu,1
soty 2024,1
south korean,1
south korean pop,1
spaghetti western,1
speed garage,1
splendid,1
spotify,1
spring day,1
stayc,1
stella,1
sticky bubblegum,1
straight edge,1
stray kids gods menu,1
stuff i should be able to inject directly into my blood,1
summer 21,1
summer vibes,1
sungho da may,1
sunghoon da deby,1
sunghoon da nana,1
sunoo do sakuya,1
sunoodosol,1
sunwon da mofi,1
super linda,1
super super supersonic supersonic super super supersonic supersonic,1
suzy,1
swan,1
swim by bts,1
synth,1
taesan da nono,1
talk to you da lili,1
tanked,1
tapete do izna,1
taylor swift,1
taylorswift,1
te amo rescene,1
te_amo_enhypen,1
tecnobrega,1
telepathy,1
tell me,1
test,1
tesuda,1
thats her !,1
the album,1
the cure,1
the smiths,1
theblacklabel,1
their first and still the best song,1
this song is for bibi,1
this song is for evie,1
thomicore,1
title title,1
to,1
todo,1
ton,1
trap metal,1
trap pop,1
tropical,1
trot,1
tt,1
turkish pop,1
turntablism,1
twee pop,1
tyler the creator,1
uk grime,1
uk hardcore,1
uk house,1
ulubione - kpop,1
unlike,1
unlove,1
vaiproinfernojuliamofadaeguguhstuff,1
vampire anthem,1
various artists,1
video game,1
videogame,1
vmin,1
vocals,1
wb yoongi namjoon jhope and pdogg,1
wild west,1
winter 21,1
wolf,1
woni do rafa,1
wons and yens and dollars,1
wony do fefo,1
woonhak da mafe,1
wooyoung da jen,1
written about j-hope,1
xampu deposito,1
xg,1
xlov,1
y2k,1
yass,1
yeah,1
yeonjun da beka,1
yeonjun da deby,1
yeonjun-da-beka,1
yeri do sid,1
yg,1
you don't even know my name do ya,1
yujin,1
yuma da nina,1
yuma do lui,1
yuma e maki da jen,1
yuna,1
방탄소년단,1
